{
    "Gotra": [
      {
        "Id": "Kag",
        "EName": "Kag",
        "HName": "काग"
      },
      {
        "Id": "Sencha",
        "EName": "Sencha",
        "HName": "सैणचा "
      },
      {
        "Id": "Parmar",
        "EName": "Parmar",
        "HName": "परमार"
      },
      {
        "Id": "Pawar",
        "EName": "Pawar",
        "HName": "पंवार"
      },
      {
        "Id": "Bhayal",
        "EName": "Bhayal",
        "HName": "भायल"
      },
      {
        "Id": "Hambad/Hammad",
        "EName": "Hambad/Hammad",
        "HName": "हाम्बड़/हम्मड़"
      },
      {
        "Id": "Sindarha",
        "EName": "Sindarha",
        "HName": "सिन्दडा"
      },
      {
        "Id": "Muleva",
        "EName": "Muleva",
        "HName": "मुलेवा"
      },
      {
        "Id": "Rathod",
        "EName": "Rathod",
        "HName": "राठोड़"
      },
      {
        "Id": "Barfa",
        "EName": "Barfa",
        "HName": "बरफा"
      },
      {
        "Id": "Chouhan",
        "EName": "Chouhan",
        "HName": "चौहान"
      },
      {
        "Id": "Choyal",
        "EName": "Choyal",
        "HName": "चोयल"
      },
      {
        "Id": "Dewda",
        "EName": "Dewda",
        "HName": "देवड़ा"
      },
      {
        "Id": "Septa",
        "EName": "Septa",
        "HName": "सेपटा"
      },
      {
        "Id": "Mogrecha",
        "EName": "Mogrecha",
        "HName": "मोगरेचा"
      },
      {
        "Id": "Chaanwdia",
        "EName": "Chaanwdia",
        "HName": "चांवडिया"
      },
      {
        "Id": "Aaglecha",
        "EName": "Aaglecha",
        "HName": "आगलेचा"
      },
      {
        "Id": "Gahlot",
        "EName": "Gahlot",
        "HName": "गेहलोत"
      },
      {
        "Id": "Khandala",
        "EName": "Khandala",
        "HName": "खण्डाला"
      },
      {
        "Id": "Solanki",
        "EName": "Solanki",
        "HName": "सोलंकी"
      },
      {
        "Id": "Lachheta",
        "EName": "Lachheta",
        "HName": "लचेटा"
      },
      {
        "Id": "Parihar",
        "EName": "Parihar",
        "HName": "परिहार"
      },
      {
        "Id": "Parihariya",
        "EName": "Parihariya",
        "HName": "परिहारिया"
      },
      {
        "Id": "Bhumblia",
        "EName": "Bhumblia",
        "HName": "भूमलिया"
      },
      {
        "Id": "Sanupura/Satpura/Sanpada",
        "EName": "Sanupura/Satpura/Sanpada",
        "HName": "सानपुरा/सतपुड़ा/सनपाड़ा"
      }
    ]
  }